{
  "minADE": [
    0.01754617504775524,
    0.023631254211068153,
    0.029005739837884903,
    0.03420235589146614,
    0.03963729739189148,
    0.04514077305793762,
    0.050881367176771164,
    0.056877635419368744,
    0.0631384551525116,
    0.0696263238787651,
    0.07639846205711365,
    0.08342169225215912,
    0.09073446691036224,
    0.0983555018901825,
    0.10630802065134048,
    0.114589624106884,
    0.1231195256114006,
    0.13197442889213562,
    0.14112989604473114,
    0.1505335122346878,
    0.16024988889694214,
    0.17024193704128265,
    0.18051022291183472,
    0.19106769561767578,
    0.2018938809633255,
    0.21297334134578705,
    0.22431793808937073,
    0.23594678938388824,
    0.2478318065404892,
    0.26000627875328064
  ],
  "minFDE": [
    0.01754617504775524,
    0.026483111083507538,
    0.035643160343170166,
    0.04504108428955078,
    0.0554819330573082,
    0.0660277009010315,
    0.07770988345146179,
    0.08981691300868988,
    0.10266129672527313,
    0.11591679602861404,
    0.13045918941497803,
    0.14552636444568634,
    0.16145603358745575,
    0.17850841581821442,
    0.19665993750095367,
    0.2155410647392273,
    0.23382839560508728,
    0.2541756331920624,
    0.27461013197898865,
    0.295232355594635,
    0.3171270787715912,
    0.33949553966522217,
    0.36251193284988403,
    0.3865072429180145,
    0.41065269708633423,
    0.435302734375,
    0.4608202576637268,
    0.4870816767215729,
    0.513670027256012,
    0.5409987568855286
  ],
  "mAP": [
    0.996565580368042,
    0.993658721446991,
    0.9890120029449463,
    0.9887496829032898,
    0.9883584976196289,
    0.9849182367324829,
    0.9842479228973389,
    0.9836218953132629,
    0.9797269105911255,
    0.9820274114608765,
    0.9845690727233887,
    0.9702251553535461,
    0.9568323493003845,
    0.9373708963394165,
    0.9171515703201294,
    0.8943155407905579,
    0.8675810694694519,
    0.8392778038978577,
    0.795689046382904,
    0.7671462893486023,
    0.7254703640937805,
    0.6979765295982361,
    0.6664524674415588,
    0.6363377571105957,
    0.6085973381996155,
    0.578930675983429,
    0.5529441833496094,
    0.5268279910087585,
    0.49490949511528015,
    0.47234076261520386
  ],
  "missRate": [
    0.00010912662401096895,
    0.0001943280512932688,
    0.0003038036229554564,
    0.00037077334127388895,
    0.0005593011155724525,
    0.00068096281029284,
    0.00076581776374951,
    0.0010149693116545677,
    0.001330781145952642,
    0.001688327407464385,
    0.002259214408695698,
    0.0031768593471497297,
    0.004192668478935957,
    0.005686271004378796,
    0.007623062469065189,
    0.009991738945245743,
    0.013186025433242321,
    0.016532840207219124,
    0.020149268209934235,
    0.024438533931970596,
    0.029183339327573776,
    0.03442685678601265,
    0.039967942982912064,
    0.045898016542196274,
    0.05204975605010986,
    0.05809350311756134,
    0.06529950350522995,
    0.07273157685995102,
    0.08017518371343613,
    0.0875898227095604
  ]
}