{
  "minADE": [
    0.025731634348630905,
    0.03406324237585068,
    0.042943280190229416,
    0.05223081633448601,
    0.06225169450044632,
    0.07275772094726562,
    0.08393216878175735,
    0.09582468867301941,
    0.10840917378664017,
    0.12171164900064468,
    0.13579048216342926,
    0.1506119966506958,
    0.16619879007339478,
    0.1825699359178543,
    0.19976025819778442,
    0.2177734524011612,
    0.2365083247423172,
    0.2560570240020752,
    0.2763870656490326,
    0.29744458198547363,
    0.31930553913116455,
    0.3419242799282074,
    0.3653060793876648,
    0.38946300745010376,
    0.4143790006637573,
    0.4400142431259155,
    0.46639466285705566,
    0.49350422620773315,
    0.5213435292243958,
    0.5499249696731567
  ],
  "minFDE": [
    0.025731634348630905,
    0.041917283087968826,
    0.05994919687509537,
    0.07939496636390686,
    0.10124379396438599,
    0.12451989948749542,
    0.1502695232629776,
    0.17827260494232178,
    0.20817868411540985,
    0.24048711359500885,
    0.27567362785339355,
    0.3128524124622345,
    0.35250940918922424,
    0.394589900970459,
    0.43967270851135254,
    0.4872203767299652,
    0.5355589985847473,
    0.5877538919448853,
    0.6415340900421143,
    0.69686359167099,
    0.7557064890861511,
    0.816017746925354,
    0.8788421154022217,
    0.944258987903595,
    1.0115742683410645,
    1.0801678895950317,
    1.1518486738204956,
    1.2251710891723633,
    1.3005846738815308,
    1.37848699092865
  ],
  "mAP": [
    0.996563196182251,
    0.9936559796333313,
    0.9889647364616394,
    0.9886443614959717,
    0.9882026314735413,
    0.9834839105606079,
    0.9827226996421814,
    0.9818996787071228,
    0.9776032567024231,
    0.9792361855506897,
    0.9784392714500427,
    0.964093029499054,
    0.9479383230209351,
    0.9249394536018372,
    0.8967077136039734,
    0.866952121257782,
    0.8341136574745178,
    0.801260232925415,
    0.7503020167350769,
    0.7211565375328064,
    0.672818660736084,
    0.6400758028030396,
    0.6039736270904541,
    0.566594123840332,
    0.534684956073761,
    0.5024693012237549,
    0.4728926420211792,
    0.44682490825653076,
    0.4128081798553467,
    0.3875604569911957
  ],
  "missRate": [
    0.00012125180364819244,
    0.0002307645627297461,
    0.0004131729365326464,
    0.0005956686218269169,
    0.0008632690878584981,
    0.001307205413468182,
    0.001786908134818077,
    0.0026680929586291313,
    0.00399842020124197,
    0.005994169972836971,
    0.009255491197109222,
    0.01427460741251707,
    0.02124285325407982,
    0.030083775520324707,
    0.041498616337776184,
    0.054720718413591385,
    0.0693921446800232,
    0.08608374744653702,
    0.10453571379184723,
    0.12433043122291565,
    0.14586812257766724,
    0.16739831864833832,
    0.18988263607025146,
    0.2128368765115738,
    0.23650039732456207,
    0.25988462567329407,
    0.2825859785079956,
    0.305104523897171,
    0.3274918496608734,
    0.3498915731906891
  ]
}